Species,Habitat,Leafing_Habitat,Palisade,Palisade,Cell_Surf_Area,Cell_Volume,P_length,P_width,P_SA/V,P_Ames/A,S_Ames/A,P_thick,Thick,Amax,stomata_density,epid_aba,epid_ada,IAStot/leaf,LMA,H_arml,H_armnum,chl/pal,osmotic_full,pot_loss,rwc_loss,cap_full,cap_loss,xylem_area,xylem_diam,Huber,trich_dens,trich_cov,trich_type,VLD_tot,3rd_width,VLD_min,,,,
V_veitchii,cold_temperate,semi_deciduous,I,2,,,56.221,15.853,0.269,13.56,15.464,52.476,187.182,12.87,149.322553,12.88879621,14.28116779,0.292022776,82.04893855,0,0,0.031614539,-1.244426298,-1.617799046,88.86320641,0.07076956,0.136525757,0.022655222,0.296973722,1.197879374,17.45455726,57.36118688,Anemone_10,6.487001762,0.015075167,6.905771578,,,,
V_opulus,cold_temperate,deciduous,H,0,2730.373,9792.098,26.109,25.871,0.279,5.654,10.596,22.968,113.236,7.773,,10.31094828,9.297525931,0.16783383,39.60955423,6.765575,2.9,0.03790446,-0.981594539,-1.308904831,91.6425257,0.062768924,0.140883738,0.034101,0.305800333,1.050389669,20.97253004,8.124140916,whiplike_1,5.861185097,0.014029667,5.886232897,,,,
V_bitchiuense,cold_temperate,deciduous,I,2,,,90.993,18.251,0.236,19.258,9.416,90.448,235.903,11.076,,28.84447105,33.68709787,0.404030202,81.75282924,0,0,0.022901853,-1.044179187,-1.445144478,89.69007905,0.072553853,0.128143357,0.068239333,0.4483505,2.288581693,11.27101405,24.21816357,Anemone_10,6.15540543,0.02691225,6.02359648,,,,
V_acerifolium,cold_temperate,deciduous,H,0,3534.976,15037.196,34.314,28.828,0.229,6.581,7.652,32.409,115.342,6.77,,10.3401454,12.93416613,0.241366198,32.06320322,7.43236214,3,0.024311594,-1.188424999,-1.449073011,90.49853593,0.066338346,0.219424862,0.026528333,0.305848056,0.653348228,23.83639866,28.75476861,Anemone_4,5.731703189,0.0239125,4.811858248,,,,
V_rafinesquianum,cold_temperate,deciduous,H,0,3151.912204,8443.563493,44.434,22.163,0.373,14.028,8.859,48.355,126.176,8.216,,9.108543833,11.21602242,0.344102098,73.01182569,21.11005,3.6,0.031571961,-1.064529407,-1.506260774,90.8883589,0.064627652,0.087663653,0.029726,0.332618833,2.032047416,20.8372234,13.43529343,whiplike_1,6.115425645,0.011534167,6.600347937,,,,
V_bracteatum,cold_temperate,deciduous,H,0,2466.182465,9655.873448,35.428,21.392,0.255,6.989,8.66,35.896,151.751,8.418,,11.12016165,11.84997481,0.465722482,64.81165858,14.51025908,2,0.032322224,-0.85075436,-1.321662917,90.12444235,0.080214678,0.085574313,0.063147333,0.448627833,1.832102568,6.636819968,7.047365328,whiplike_1,4.719688237,0.021596286,4.739857845,,,,
V_rufidulum,cold_temperate,deciduous,H,1,3822.096995,14458.29501,35.305,30.298,0.264,13.04,14.964,54.431,195.192,13.213,,13.65731415,18.56317537,0.233964165,76.83363369,9.079924638,3.8,0.021404397,-1.491512783,-1.863346117,90.85145975,0.050039964,0.139273294,0.051373333,0.420996,1.162624513,0,0,none,6.272983828,0.022834,6.846610957,,,,
V_prunifolium,cold_temperate,deciduous,I,2,3507.241,16347.576,58.489,20.272,0.221,12.32,12.968,58.709,176.883,10.938,,11.80972493,13.2444909,0.186297074,62.4784477,0,0,0.024852173,-1.302205372,-1.640135458,92.2673564,0.047979617,0.122185375,0.051758667,0.380189833,2.142655144,0,0,none,6.28788465,0.014179833,6.026111213,,,,
V_burejaeticum,cold_temperate,deciduous,I,2,2658.042223,8927.881318,58.489,14.536,0.298,11.391,9.086,57.554,211.137,12.64,,14.12203613,16.27143913,0.525634566,73.78822199,0,0,0.041191327,-0.861155133,-1.272645683,88.28007144,0.102723625,0.122801767,0.038753667,0.347980333,2.51104625,2.863990662,1.527155593,Whiplike_1,5.675536116,0.022195625,5.489299862,,,,
V_carlesii,cold_temperate,deciduous,I,2,3720.848397,14305.37107,71.724,16.544,0.26,12.891,11.169,67.424,235.57,10.326,,11.1469267,17.40431035,0.387604793,88.26955814,0,0,0.029061572,-1.061740905,-1.420638585,89.74972838,0.073583565,0.128290585,0.0481245,0.3546175,1.637671837,8.548989933,17.64359144,Anemone_10,6.961376135,0.028179583,6.991125606,,,,
V_setigerum,cold_temperate,deciduous,H,0,5505.073294,21366.37653,53.566,28.337,0.258,13.597,11.65,57.74,185.244,10.109,,8.295291087,13.68883461,0.214676578,67.61627612,32.54290424,2,0.024422788,-1.001725512,-1.413007625,92.9647087,0.05072755,0.086423522,0.013022333,0.236751833,1.532369378,0.789288765,1.24177516,whiplike_1,6.009306568,0.0227705,6.034987365,,,,
V_lentago,cold_temperate,deciduous,I,2,,,53.074,17.896,0.25,11.206,18.151,50.278,179.091,12.527,99.97378907,10.88108452,13.93853148,0.251900864,61.65795329,0,0,0.027282271,-1.087326931,-1.475726836,88.30849297,0.081771437,0.154214066,0.031794167,0.306248167,1.554830175,0,0,none,5.75961142,0.011248333,5.567696118,,,,
V_furcatum,cold_temperate,deciduous,H,0,3171.395,10017.52,25.739,25.205,0.276,7.992,6.073,30.634,105.928,7.266,,6.190101806,5.730230548,0.313568508,46.97912071,5.30273307,2.6,0.020047458,-0.919502905,-1.281934168,88.04127225,0.099813345,0.177349835,0.039935324,0.348750245,1.632962187,4.420017085,2.777900005,Anemone_10,4.302356462,0.056147333,4.137457367,,,,
V_sieboldii,cold_temperate,deciduous,H,1,4319.167751,14119.0252,43.13,29.563,0.306,13.083,19.091,50.327,278.357,14.196,,15.76854578,24.64503417,0.41108434,65.72571586,16.85431799,3.6,0.018904947,-1.063396711,-1.352068751,91.20431193,0.06183263,0.180688404,0.045094167,0.45336225,1.83076256,5.344612495,3.652949279,Whiplike_2,4.280009803,0.035463667,4.148856271,,,,
V_sargentii,cold_temperate,deciduous,H,0,3692.033592,14959.96236,38.626,26.075,0.247,8.992,12.188,38.813,131.363,10.7,,11.53286512,13.77781404,0.33016672,69.36542985,10.02044162,2.6,0.03265177,-0.946501467,-1.316300199,93.39997498,0.052292432,0.080964447,0.053765556,0.3911855,1.360407526,7.261456639,5.062620818,Whiplike_2,4.901652279,0.0225325,4.896237411,,,,
V_wrightii,cold_temperate,deciduous,H,0,2683.784275,7520.334298,28.592,24.35,0.357,8.436,7.674,31.144,145.259,8.972,,10.64141928,16.94251384,0.381604212,45.68426268,16.85267597,2,0.041707269,-1.007865711,-1.293542088,90.22879636,0.081609616,0.19028244,0.018055667,0.2852535,0.647453909,,,,4.30421909,0.022613,4.19718374,,,,
V_lobophyllum,cold_temperate,deciduous,H,0,3283.745,10842.993,29.852,25.842,0.278,7.48,7.852,29.495,148.54,10.924,,11.20087788,16.60345448,0.38103432,72.82060838,#REF!,#REF!,#REF!,-1.096480778,-1.500699279,91.3518743,0.060213712,0.113993256,0.035231167,0.365586333,2.077758062,0.541226582,0.241903476,whiplike_1,4.074662045,0.027295333,0,,,,
V_ichangense,cold_temperate,deciduous,H,0,2600.687712,6874.197628,36.976,20.569,0.378,9.13,8.032,33.628,116.057,7.4,,9.558056875,13.20653229,0.261675035,54.47106991,21.95464092,2,0.043120048,-1.142343273,-1.483337548,87.79719148,0.082751736,0.205848177,0.044927333,0.348380667,0.845643558,6.855536703,9.135968295,Whiplike_Anemone,5.321125514,0.020076667,5.724606856,,,,
V_dentatum,cold_temperate,deciduous,H,0,2228.147617,7233.636191,22.055,24.058,0.308,5.433,10.474,18.947,120.711,11.633,122.5210692,16.30882833,17.30768457,0.178319016,60.12704683,5.735467496,2.8,0.049144383,-1.073957875,-1.455132585,94.24898351,0.040642928,0.072406859,0.063666667,0.4265,1.426565217,0.699084335,0.795642765,none,5.703990039,0.01352375,5.728366065,,,,
V_erosum,cold_temperate,deciduous,H,0,5710.788157,26124.65167,53.125,29.818,0.219,9.315,11.569,51.533,176.051,7.498,,15.09356562,26.58992757,0.378538728,70.02699191,22.25909946,2,0.031034465,-0.919502905,-1.281934168,88.04127225,0.099813345,0.177349835,0.040344101,0.353733847,1.600010484,20.31854793,24.36493488,Anemone_4,5.302049013,0.0250775,5.120409181,,,,
V_dilatatum,cold_temperate,deciduous,H,0,1239.266205,2368.993146,16.778,18.081,0.523,8.317,6.975,18.29,110.332,7.192,,11.45327934,17.09170719,0.329872091,53.9933146,7.907169735,2.666666667,0.048446037,-1.096968924,-1.468435352,88.42263623,0.080575461,0.153787357,0.061508167,0.482409,2.182318356,10.10289619,3.979874715,Whiplike_2,5.06642368,0.0180185,4.580913019,,,,
V_hupehense,cold_temperate,deciduous,H,1,3020.179,10759.163,29.598,26.359,0.281,6.402,12.096,34.061,158.137,9.019,,11.40757883,17.07814103,0.308668659,73.14707728,8.786137556,3.1,0.032157829,-0.966239826,-1.269618186,90.61896757,0.080473158,0.110613615,0.034885833,0.34534375,1.832073049,18.31149935,25.26401145,Anemone_4,3.945544778,0.020891167,4.152131444,,,,
V_trilobum,cold_temperate,deciduous,H,0,2927.570019,10426.78745,28.239,27.274,0.281,9.24,16.584,34.439,142.684,9.483,,10.20688052,12.05482438,0.135829031,48.31034432,5.96055,4,0.036958152,-0.959664825,-1.322484092,90.87342155,0.068278704,0.108986568,0.042010333,0.362298333,1.368566541,26.33969365,10.88731527,whiplike_1,5.654380607,0.0147235,5.678544627,,,,
V_molle,cold_temperate,deciduous,H,0,1796.368,4578.107,24.52,19.857,0.392,9.619,8.819,25.82,110.948,7.923,,8.224775828,8.796157241,0.32594109,63.32842765,9.0589125,2.7,0.040374849,-0.777828424,-1.275093671,91.38739424,0.077301333,0.062333781,0.041333333,0.38675,0.847474249,0.541226582,0.273533659,Spike,6.058146068,0.013468167,6.084035581,,,,
V_rhytidophyllum,tropical,evergreen,I,2,1810.011789,4986.642135,48.723,11.857,0.363,17.503,16.498,49.478,247.662,11.487,,8.518584042,10.99079071,0.147143687,114.6307433,0,0,0.040183963,-1.055922924,-1.374075435,90.41061967,0.073200719,0.146481558,0.066918667,0.4659775,1.785571518,53.96480043,107.555326,Anemone_10,5.611313633,0.020513333,6.30257414,,,,
V_betulifolium,cold_temperate,deciduous,H,0,4574.685432,18758.10335,51.759,25.019,0.244,10.354,13.456,45.889,160.44,9.729,,10.1272493,10.77295865,0.259938158,60.1023815,17.6809413,2.4,0.024632768,-1.055992607,-1.379921455,91.21690396,0.065058056,0.151181464,0.279378667,0.286275417,1.375545623,2.892278203,0.550750278,Spike,5.400232078,0.020225833,5.274741174,,,,
V_cassinoides,cold_temperate,deciduous,I,2,5925.395,18209.123,81.135,18.584,0.233,15.582,15.387,82.054,220.146,13.331,,9.385249586,15.31548069,0.356846223,80.99030891,0,0,0.019935686,-1.366375009,-1.944819262,91.10460644,0.051349276,0.099451053,0.027367833,0.312407917,1.589727051,0,0,none,6.741322718,0.025094583,7.081843629,,,,
V_plicatum,cold_temperate,deciduous,H,1,1962.902939,5696.671851,24.908,19.994,0.345,13.05,17.149,45.987,190.933,11.044,,12.73075644,16.8805034,0.271936101,70.75058377,10.1362,2,0.044934088,-0.989706922,-1.231180349,90.71860477,0.06783044,0.258416452,0.075413333,0.437954083,2.059701961,25.34744491,14.97969476,Whiplike_2,5.955153792,0.011587667,5.980603167,,,,
V_lantana,cold_temperate,deciduous,I,2,2479.133,5554.635,50.449,13.437,0.311,16.649,8.951,61.664,174.817,14.099,,12.42988464,14.35884577,0.347649056,62.70149009,0,0,0.044507604,-1.209556555,-1.61733032,88.86145749,0.071694115,0.104205055,0.036917833,0.4422165,1.067386772,4.577874838,9.241157936,Anemone_4,6.405163753,0.011391667,6.134602795,,,,
